,sum_sq,df,F,PR(>F)
Midterm_Score,32.100634403307595,1.0,0.10839947441490484,0.7419891185118459
Assignments_Avg,145.34365425347576,1.0,0.49080574335923516,0.48360449871708566
Quizzes_Avg,50.881342942232834,1.0,0.1718193716412738,0.6785197655358939
Participation_Score,137.10685962524948,1.0,0.46299120868850474,0.49626451366296365
Residual,1326082.4522802886,4478.0,,
