Feature,VIF
const,74.69861069103546
Midterm_Score,1.0002056228330956
Assignments_Avg,1.0002978186953206
Quizzes_Avg,1.0002064833670208
Participation_Score,1.0001948362641637
